{
  "mse": 0.8123727965944098,
  "rmse": 0.9013172563500655,
  "mae": 0.6934623414588654,
  "r2": 0.240992321236441
}